;ojsdhfk;lksjdfksdf;1@kjsdhfj.fr;2019-03-06
;ojsdhfk;lksjdfksdf;2@kjsdhfj.fr;2019-03-06
;ojsdhfk;lksjdfksdf;3@kjsdhfj.fr;2019-03-06
;ojsdhfk;lksjdfksdf;1@kjsdhfj.fr;2019-03-06
;ojsdhfk;lksjdfksdf;2@kjsdhfj.fr;2019-03-06
;ojsdhfk;lksjdfksdf;3@kjsdhfj.fr;2019-03-06
;ojsdhfk;lksjdfksdf;1@kjsdhfj.fr;2019-03-06
;ojsdhfk;lksjdfksdf;2@kjsdhfj.fr;2019-03-06
;ojsdhfk;lksjdfksdf;3@kjsdhfj.fr;2019-03-06
;ojsdhfk;lksjdfksdf;1@kjsdhfj.fr;2019-03-06
;ojsdhfk;lksjdfksdf;2@kjsdhfj.fr;2019-03-06
;ojsdhfk;lksjdfksdf;3@kjsdhfj.fr;2019-03-06
;ojsdhfk;lksjdfksdf;1@kjsdhfj.fr;2019-03-06
;ojsdhfk;lksjdfksdf;2@kjsdhfj.fr;2019-03-06
;ojsdhfk;lksjdfksdf;3@kjsdhfj.fr;2019-03-06
;ojsdhfk;lksjdfksdf;1@kjsdhfj.fr;2019-03-06
;ojsdhfk;lksjdfksdf;2@kjsdhfj.fr;2019-03-06
;ojsdhfk;lksjdfksdf;3@kjsdhfj.fr;2019-03-06
123123;ojsdhfk;lksjdfksdf;1@kjsdhfj.fr;2019-03-06
432423;ojsdhfk;lksjdfksdf;2@kjsdhfj.fr;2019-03-06
345345;ojsdhfk;lksjdfksdf;3@kjsdhfj.fr;2019-03-06
123123;ojsdhfk;lksjdfksdf;1@kjsdhfj.fr;2019-03-06
432423;ojsdhfk;lksjdfksdf;2@kjsdhfj.fr;2019-03-06
345345;ojsdhfk;lksjdfksdf;3@kjsdhfj.fr;2019-03-06
123123;ojsdhfk;lksjdfksdf;1@kjsdhfj.fr;2019-03-06
432423;ojsdhfk;lksjdfksdf;2@kjsdhfj.fr;2019-03-06
345345;ojsdhfk;lksjdfksdf;3@kjsdhfj.fr;2019-03-06
123123;ojsdhfk;lksjdfksdf;1@kjsdhfj.fr;2019-03-06
432423;ojsdhfk;lksjdfksdf;2@kjsdhfj.fr;2019-03-06
345345;ojsdhfk;lksjdfksdf;3@kjsdhfj.fr;2019-03-06
123123;ojsdhfk;lksjdfksdf;1@kjsdhfj.fr;2019-03-06
432423;ojsdhfk;lksjdfksdf;2@kjsdhfj.fr;2019-03-06
345345;ojsdhfk;lksjdfksdf;3@kjsdhfj.fr;2019-03-06
123123;ojsdhfk;lksjdfksdf;1@kjsdhfj.fr;2019-03-06
432423;ojsdhfk;lksjdfksdf;2@kjsdhfj.fr;2019-03-06
345345;ojsdhfk;lksjdfksdf;3@kjsdhfj.fr;2019-03-06
123123;ojsdhfk;lksjdfksdf;1@kjsdhfj.fr;2019-03-06
432423;ojsdhfk;lksjdfksdf;2@kjsdhfj.fr;2019-03-06
345345;ojsdhfk;lksjdfksdf;3@kjsdhfj.fr;2019-03-06
123123;ojsdhfk;lksjdfksdf;1@kjsdhfj.fr;2019-03-06
432423;ojsdhfk;lksjdfksdf;2@kjsdhfj.fr;2019-03-06
345345;ojsdhfk;lksjdfksdf;3@kjsdhfj.fr;2019-03-06
123123;ojsdhfk;lksjdfksdf;1@kjsdhfj.fr;2019-03-06
432423;ojsdhfk;lksjdfksdf;2@kjsdhfj.fr;2019-03-06
345345;ojsdhfk;lksjdfksdf;3@kjsdhfj.fr;2019-03-06
123123;ojsdhfk;lksjdfksdf;1@kjsdhfj.fr;2019-03-06
432423;ojsdhfk;lksjdfksdf;2@kjsdhfj.fr;2019-03-06
345345;ojsdhfk;lksjdfksdf;3@kjsdhfj.fr;2019-03-06
123123;ojsdhfk;lksjdfksdf;1@kjsdhfj.fr;2019-03-06
432423;ojsdhfk;lksjdfksdf;2@kjsdhfj.fr;2019-03-06
345345;ojsdhfk;lksjdfksdf;3@kjsdhfj.fr;2019-03-06
123123;ojsdhfk;lksjdfksdf;1@kjsdhfj.fr;2019-03-06
432423;ojsdhfk;lksjdfksdf;2@kjsdhfj.fr;2019-03-06
345345;ojsdhfk;lksjdfksdf;3@kjsdhfj.fr;2019-03-06
123123;ojsdhfk;lksjdfksdf;1@kjsdhfj.fr;2019-03-06
432423;ojsdhfk;lksjdfksdf;2@kjsdhfj.fr;2019-03-06
345345;ojsdhfk;lksjdfksdf;3@kjsdhfj.fr;2019-03-06
123123;ojsdhfk;lksjdfksdf;1@kjsdhfj.fr;2019-03-06
432423;ojsdhfk;lksjdfksdf;2@kjsdhfj.fr;2019-03-06
345345;ojsdhfk;lksjdfksdf;3@kjsdhfj.fr;2019-03-06
123123;ojsdhfk;lksjdfksdf;1@kjsdhfj.fr;2019-03-06
432423;ojsdhfk;lksjdfksdf;2@kjsdhfj.fr;2019-03-06
345345;ojsdhfk;lksjdfksdf;3@kjsdhfj.fr;2019-03-06
123123;ojsdhfk;lksjdfksdf;1@kjsdhfj.fr;2019-03-06
432423;ojsdhfk;lksjdfksdf;2@kjsdhfj.fr;2019-03-06
345345;ojsdhfk;lksjdfksdf;3@kjsdhfj.fr;2019-03-06
123123;ojsdhfk;lksjdfksdf;1@kjsdhfj.fr;2019-03-06
432423;ojsdhfk;lksjdfksdf;2@kjsdhfj.fr;2019-03-06
345345;ojsdhfk;lksjdfksdf;3@kjsdhfj.fr;2019-03-06
123123;ojsdhfk;lksjdfksdf;1@kjsdhfj.fr;2019-03-07
432423;ojsdhfk;lksjdfksdf;2@kjsdhfj.fr;2019-03-07
345345;ojsdhfk;lksjdfksdf;3@kjsdhfj.fr;2019-03-07
